4.91321219125371,0.0697777300303514,0.0333333333333333,0.0333333333333333,68,40002
4.65174243997526,0.0585593861354613,0.1,0.0666666666666667,77,40004
1.98860287389356,0.174138548672919,0.133333333333333,0.0333333333333333,73,40005
5.1281713422245,-0.69052356052219,0.133333333333333,0.0333333333333333,70,40005
10.6705003236299,-0.566660310562766,0.433333333333333,0.0333333333333333,77,40014
10.4187847796299,-0.876179355309124,0.433333333333333,0.0333333333333333,70,40014
1.55942892223408,-0.820436588708903,0.433333333333333,0.0333333333333333,77,40014
5.50468273384611,0.567126824918282,0.466666666666667,0.0333333333333333,70,40015
10.9972176683018,-0.105507214326884,0.533333333333333,0.0333333333333333,67,40017
2.8173457468962,-0.756062253760727,0.633333333333333,0.0666666666666667,61,40020
11.2285687651471,0.443311075993706,0.733333333333333,0.0333333333333333,61,40023
1.43220429021139,-0.458692619799648,0.733333333333333,0.0666666666666667,62,40023
11.85259465119,0.946835727050994,0.766666666666667,0.0333333333333333,63,40024
8.83070173168974,0.791453438272074,0.833333333333333,0.0333333333333333,70,40026
15.8399597716374,0.427706368762484,0.833333333333333,0.0666666666666667,80,40026
7.3110929363736,-0.825975643596473,0.866666666666667,0.0666666666666667,64,40027
12.6684233624507,0.607459101874668,0.9,0.0333333333333333,69,40028
3.18650285283695,0.718438881743945,0.966666666666667,0.0333333333333333,78,40030
4.29959202333486,-0.938345415720925,1,0.0333333333333333,71,40031
7.03347371529115,0.545445638177661,1.03333333333333,0.0333333333333333,68,40032
5.04928582559134,0.0515986721458065,1.06666666666667,0.0666666666666667,65,40033
9.43930585626218,0.760427103014159,1.1,0.0666666666666667,72,40034
4.73467422023352,0.0713022520868473,1.13333333333333,0.0666666666666667,77,40035
5.09509616628913,-0.690718928682103,1.3,0.0333333333333333,63,40040
13.5389121484714,-0.993249925610415,1.36666666666667,0.0333333333333333,72,40042
10.2995768738818,-0.872862993126314,1.46666666666667,0.0333333333333333,74,40045
5.7126230659902,0.561498877613939,1.5,0.0333333333333333,73,40046
10.8025661204219,-0.092476072756684,1.53333333333333,0.0333333333333333,78,40047
1.55928954371541,-0.819715271956321,1.53333333333333,0.0333333333333333,65,40047
10.4337257547345,-0.541173701451125,1.56666666666667,0.0333333333333333,67,40048
14.5410787576083,-0.473757087174873,1.63333333333333,0.0666666666666667,65,40050
2.80752373935973,-0.781091696970742,1.66666666666667,0.0333333333333333,76,40051
14.132860856539,-0.973428570788059,1.76666666666667,0.0333333333333333,64,40054
1.24029409994522,-0.650796976849916,1.76666666666667,0.0666666666666667,73,40054
12.7733678281437,0.615942191817425,1.9,0.0333333333333333,73,40058
9.78322801056614,0.724509931554339,1.93333333333333,0.0333333333333333,75,40059
6.87731743679031,-0.829222511362368,1.93333333333333,0.0666666666666667,61,40059
3.31857592406568,0.730082772002989,2,0.0666666666666667,62,40061
7.26052847427108,0.993816037617779,2,0.0666666666666667,73,40061
5.10878292254206,0.0503255677339247,2.13333333333333,0.0333333333333333,67,40065
4.52229022180311,0.0675953328132047,2.16666666666667,0.0333333333333333,65,40066
10.3274869314217,-0.992049083687081,2.33333333333333,0.0333333333333333,73,40071
6.90337025821284,0.477344694908149,2.33333333333333,0.0333333333333333,66,40071
5.74608777457283,0.576616365752895,2.43333333333333,0.0666666666666667,68,40074
10.1183101022706,-0.869196415123964,2.46666666666667,0.0333333333333333,70,40075
10.4868804175647,-0.0756360309260382,2.53333333333333,0.0333333333333333,67,40077
1.55817458212573,-0.819848684212654,2.63333333333333,0.0333333333333333,67,40080
7.58907850532362,0.89466164227811,2.63333333333333,0.0333333333333333,63,40080
2.86683147516001,-0.804066293068287,2.66666666666667,0.0333333333333333,66,40081
8.77079198782698,-0.353278243021732,2.7,0.0333333333333333,75,40082
11.2837869806107,0.442911070425867,2.73333333333333,0.0333333333333333,70,40083
14.0382877856456,-0.972438274608505,2.8,0.0333333333333333,79,40085
1.1910874366433,-0.834134157194046,2.83333333333333,0.0333333333333333,77,40086
12.2481579655588,0.956572200451531,2.86666666666667,0.0333333333333333,67,40087
9.63339795169609,0.652296908422137,2.96666666666667,0.0333333333333333,72,40090
6.50137885630105,-0.829745595838557,3,0.0666666666666667,79,40091
3.50764613511443,0.724314268207472,3.06666666666667,0.0666666666666667,68,40093
5.19228388192218,0.0400931462186851,3.2,0.0333333333333333,69,40097
4.43564906816389,0.0686338964276805,3.23333333333333,0.0333333333333333,60,40098
7.26006840516496,0.993877814520078,3.43333333333333,0.0333333333333333,79,40104
5.82649033631458,0.570732309849028,3.46666666666667,0.0333333333333333,71,40105
9.89326147959013,-0.864138159951352,3.5,0.0333333333333333,64,40106
8.7548956043233,-0.357744335534297,3.56666666666667,0.0333333333333333,68,40108
10.2937265699973,-0.991965370848096,3.63333333333333,0.0333333333333333,77,40110
14.4829241079369,-0.977822074325913,3.63333333333333,0.0333333333333333,77,40110
5.11555337125042,-0.690466487122525,3.66666666666667,0.0333333333333333,60,40111
2.85488912328686,-0.832754046330142,3.66666666666667,0.0666666666666667,77,40111
1.5593180676713,-0.820241202445602,3.73333333333333,0.0333333333333333,61,40113
11.2437584110968,0.44285881973054,3.73333333333333,0.0333333333333333,78,40113
10.0199865843363,-0.533705637532279,3.76666666666667,0.0333333333333333,72,40114
1.23046359962475,-0.921987785651483,3.86666666666667,0.0666666666666667,80,40117
12.4430426532793,0.958057945388422,3.9,0.0333333333333333,69,40118
7.62491704631687,0.894069525837611,4.03333333333333,0.0333333333333333,62,40122
6.18999832078383,-0.83078677771063,4.06666666666667,0.0333333333333333,67,40123
3.43833479731739,0.706787926858731,4.1,0.0666666666666667,66,40124
13.0766791840363,-0.399497387976544,4.13333333333333,0.0333333333333333,79,40125
9.46259957034752,0.741091214266782,4.13333333333333,0.0333333333333333,68,40125
5.26674290501032,0.0348138225483544,4.26666666666667,0.0333333333333333,63,40129
4.46821727555862,0.0749896070099414,4.26666666666667,0.0666666666666667,65,40129
5.7980985692352,0.546732085190537,4.46666666666667,0.0666666666666667,72,40135
10.1202622139582,-0.0431278146381293,4.53333333333333,0.0333333333333333,60,40137
9.63226977454829,-0.858613010273018,4.53333333333333,0.0666666666666667,72,40137
2.96196917493695,-0.859348807739413,4.66666666666667,0.0666666666666667,76,40141
11.2140740766745,0.44348764116268,4.73333333333333,0.0333333333333333,67,40143
6.65821050847867,0.471028339470545,4.8,0.0333333333333333,68,40145
1.55835788375052,-0.820491229530094,4.83333333333333,0.0333333333333333,70,40146
5.09728964297175,-0.69040537934312,4.83333333333333,0.0333333333333333,63,40146
9.69074805438047,-0.524554997050256,4.86666666666667,0.0333333333333333,78,40147
7.25497740016224,0.993850307904836,4.86666666666667,0.0333333333333333,65,40147
13.8327757185834,-0.970138570267934,4.9,0.0333333333333333,76,40148
12.4874430631593,0.96133353844703,4.93333333333333,0.0333333333333333,67,40149
1.19797924838587,-0.94806204061056,4.93333333333333,0.0333333333333333,77,40149
5.94408091205583,-0.838477023033243,5.13333333333333,0.0333333333333333,60,40155
3.46381682364968,0.692199402381832,5.16666666666667,0.0333333333333333,77,40156
5.39076563877242,0.0145568167887712,5.33333333333333,0.0333333333333333,80,40161
9.06547294741302,-0.362018165329849,5.33333333333333,0.0333333333333333,62,40161
4.20836192875415,0.0738876225192778,5.33333333333333,0.0666666666666667,75,40161
11.8248948208867,-0.8779217020347,5.43333333333333,0.0333333333333333,77,40164
7.60898213136486,0.894087850861816,5.43333333333333,0.0666666666666667,79,40164
5.1813029968889,0.518551731584152,5.5,0.0666666666666667,79,40166
10.1308834765571,-0.03297105493742,5.53333333333333,0.0333333333333333,75,40167
4.91847936368847,-0.328268249636953,5.56666666666667,0.0333333333333333,60,40168
9.31703559506881,-0.85821914923465,5.6,0.0333333333333333,62,40169
2.77671382063231,-0.899704512549182,5.7,0.0333333333333333,64,40172
13.5390318554697,0.641781406155015,5.9,0.0333333333333333,78,40178
1.55930224692202,-0.82020149719708,5.93333333333333,0.0333333333333333,65,40179
1.26781457304219,-0.996390921259052,5.93333333333333,0.0666666666666667,76,40179
12.7578714549582,0.965968275088175,6,0.0333333333333333,60,40181
9.34259543594322,-0.516719461026468,6,0.0333333333333333,73,40181
5.08394344826738,-0.690736896097879,6,0.0666666666666667,70,40181
10.3087874787473,-0.991932766772359,6.16666666666667,0.0333333333333333,75,40186
13.6627455717506,-0.72275625388334,6.16666666666667,0.0333333333333333,67,40186
5.8029253667913,-0.850180402716532,6.2,0.0333333333333333,62,40187
3.55505572956116,0.681176488915986,6.2,0.0666666666666667,80,40187
1.24216026842717,0.587632872405028,6.23333333333333,0.0333333333333333,65,40188
4.16477595777312,0.0775739244443172,6.4,0.0666666666666667,65,40193
9.90509223182997,-0.0206361234752576,6.53333333333333,0.0333333333333333,78,40197
9.06006247762082,-0.854670782166904,6.6,0.0666666666666667,76,40199
2.97748913443218,-0.920410363695296,6.7,0.0333333333333333,69,40202
7.61357772671718,0.894199156773284,6.83333333333333,0.0666666666666667,72,40206
1.28998393822179,-0.991138829728842,7,0.0666666666666667,71,40211
12.9788964859801,0.970293414892794,7.03333333333333,0.0333333333333333,78,40212
1.55923878707964,-0.820455032088638,7.03333333333333,0.0333333333333333,76,40212
13.2833687625988,-0.758100121894722,7.06666666666667,0.0333333333333333,74,40213
9.07319212418384,-0.532875926833517,7.1,0.0333333333333333,77,40214
9.11187831727908,-0.353070082564768,7.1,0.0333333333333333,61,40214
5.13162821855097,-0.690404353236539,7.2,0.0333333333333333,73,40217
9.30520667776612,0.736821501736903,7.26666666666667,0.0333333333333333,68,40219
3.63494444978473,0.671587797744751,7.3,0.0333333333333333,68,40220
5.46654805781459,-0.00184404118644593,7.43333333333333,0.0333333333333333,80,40224
4.06367709371844,0.0921770076051836,7.46666666666667,0.0666666666666667,64,40225
0.915433934088031,0.619998778045042,7.5,0.0333333333333333,66,40226
4.58206987326948,0.426074335761404,7.5,0.0333333333333333,68,40226
9.8715870206262,-0.00817291810398633,7.53333333333333,0.0333333333333333,61,40227
12.3065035772961,-0.850441549418509,7.53333333333333,0.0333333333333333,78,40227
8.75352600861833,-0.849311923202609,7.63333333333333,0.0666666666666667,60,40230
3.0920363689579,-0.945332517691421,7.7,0.0333333333333333,74,40232
7.26616815127316,0.993947844420473,7.7,0.0333333333333333,61,40232
12.7444001602059,-0.0357113031361016,7.83333333333333,0.0333333333333333,75,40236
9.6588826706793,0.741435609033382,7.9,0.0333333333333333,65,40238
12.558298479949,-0.774279234944141,8,0.0333333333333333,75,40241
5.26229524566309,-0.361959959283302,8,0.0333333333333333,70,40241
1.48633729985627,-0.934686845473225,8.06666666666667,0.0333333333333333,73,40243
12.9817363432488,0.971678203786352,8.1,0.0333333333333333,75,40244
1.55831805267982,-0.820152436136871,8.16666666666667,0.0333333333333333,63,40246
8.77965499582479,-0.534687491178724,8.2,0.0333333333333333,64,40247
8.58918242222392,-0.393847340599954,8.26666666666667,0.0333333333333333,63,40249
7.59289288865629,0.894382733445897,8.26666666666667,0.0333333333333333,69,40249
5.65166771712816,-0.862809221236537,8.33333333333333,0.0333333333333333,78,40251
3.72147293608617,0.634004892668689,8.36666666666667,0.0333333333333333,70,40252
5.03695495106255,-0.679824195280505,8.36666666666667,0.0666666666666667,78,40252
4.82127198238869,0.391783324756202,8.46666666666667,0.0333333333333333,66,40255
9.57067549965364,0.0141014330865447,8.5,0.0333333333333333,73,40256
5.42594332339464,0.0255664990686443,8.53333333333333,0.0333333333333333,75,40257
3.89344039801262,0.104442811777041,8.53333333333333,0.0666666666666667,75,40257
1.35473031051836,-0.407943045656633,8.66666666666667,0.0333333333333333,68,40261
2.83202185544377,-0.958578286931589,8.7,0.0666666666666667,78,40262
9.38720014025728,0.743472259963903,8.83333333333333,0.0666666666666667,60,40266
9.2547560690411,-0.35833083542796,8.86666666666667,0.0333333333333333,80,40267
11.8781742792385,-0.735699769703134,8.9,0.0333333333333333,67,40268
2.75478902960741,0.52620793279974,9.03333333333333,0.0333333333333333,78,40272
7.25959414701803,0.994043504805118,9.06666666666667,0.0666666666666667,61,40273
2.65194994679884,0.348354276546905,9.16666666666667,0.0333333333333333,74,40276
1.6266268725916,-0.897047264833058,9.16666666666667,0.0666666666666667,63,40276
5.36090400723513,-0.385776752177159,9.23333333333333,0.0333333333333333,79,40278
1.55997077243611,-0.820762682507589,9.26666666666667,0.0333333333333333,62,40279
8.43337397527543,-0.535873303215711,9.3,0.0666666666666667,80,40280
5.40598096785077,-0.868051904182557,9.4,0.0333333333333333,76,40283
4.94091940136362,0.337308629920153,9.46666666666667,0.0333333333333333,69,40285
9.35351351348836,0.0396725000020521,9.5,0.0333333333333333,80,40286
3.28831811427113,0.54000290338899,9.5,0.0333333333333333,61,40286
5.03829775083486,-0.662385471351104,9.53333333333333,0.0666666666666667,70,40287
5.56379054153033,0.0404343863524296,9.6,0.0333333333333333,74,40289
4.02986065169793,0.125562985311387,9.63333333333333,0.0333333333333333,72,40290
8.17140977392385,-0.850598230787313,9.66666666666667,0.0666666666666667,68,40291
7.6045773151338,0.894173566426788,9.66666666666667,0.0666666666666667,77,40291
2.76244885671744,-0.976096290479588,9.7,0.0333333333333333,69,40292
9.07778028387668,-0.356359420766019,9.76666666666667,0.0333333333333333,64,40294
12.5656106596849,-0.0310488102548243,9.76666666666667,0.0333333333333333,72,40294
9.0505643710722,0.7630556752125,9.8,0.0333333333333333,76,40295
15.7166744710211,0.680239429993544,9.9,0.0333333333333333,77,40298
3.59255890842285,0.562942678001402,10.0333333333333,0.0333333333333333,61,40302
1.94674977388912,-0.857643270264565,10.2333333333333,0.0333333333333333,73,40308
10.270385070661,-0.991980223712781,10.4,0.0333333333333333,75,40313
1.55901116786222,-0.820360967075097,10.4,0.0333333333333333,63,40313
8.1285554560934,-0.528274419594598,10.4333333333333,0.0333333333333333,74,40314
7.24720218311217,0.994005531684913,10.5,0.0333333333333333,67,40316
9.04765282844306,-0.397352537691347,10.6333333333333,0.0666666666666667,62,40320
5.69045021054177,0.0665771905859025,10.6666666666667,0.0333333333333333,63,40321
2.73871061744368,-0.98263256781216,10.7,0.0333333333333333,66,40322
10.7810365363303,-0.6153575229585,10.7,0.0333333333333333,69,40322
3.79749926260523,0.136646649181536,10.7,0.0333333333333333,67,40322
7.86940837727333,-0.85642035599656,10.7,0.0666666666666667,62,40322
9.15467974821043,0.780220397337245,10.7333333333333,0.0666666666666667,65,40323
15.7136582145104,0.672236030415713,10.9,0.0333333333333333,65,40328
3.02931762752549,0.047474307061778,11.0333333333333,0.0333333333333333,65,40332
7.61252310786644,0.894122428176319,11.0666666666667,0.0666666666666667,76,40333
2.29977519850041,-0.902624564584419,11.2666666666667,0.0666666666666667,74,40339
2.13819221776226,0.340906857698352,11.3666666666667,0.0333333333333333,70,40342
7.81028109689395,-0.520767705281379,11.5333333333333,0.0333333333333333,77,40347
1.55846702657645,-0.820054902171235,11.5333333333333,0.0333333333333333,77,40347
8.83204772043003,-0.527862149100963,11.5333333333333,0.0666666666666667,71,40347
4.3343273635558,0.512783948667965,11.6333333333333,0.0333333333333333,60,40350
8.91012763324897,0.801403394573141,11.7,0.0333333333333333,63,40352
10.2880643964903,-0.991985336493689,11.7,0.0333333333333333,61,40352
2.75751981430466,-0.992050039563145,11.7,0.0333333333333333,64,40352
3.67673291493667,0.139399415665216,11.7666666666667,0.0333333333333333,76,40354
6.80937651636133,0.16098313739581,11.8333333333333,0.0666666666666667,61,40356
15.7215608258077,0.651454045113315,11.9,0.0333333333333333,78,40358
7.24304322349299,0.994035191949771,11.9,0.0666666666666667,79,40358
10.6035051049981,-0.652600186892324,12.2333333333333,0.0333333333333333,70,40368
2.65385956193549,-0.918713299818439,12.2333333333333,0.0666666666666667,66,40368
14.3535757009132,0.0593320829314115,12.4,0.0333333333333333,76,40373
8.44224625911724,-0.664657755433383,12.4666666666667,0.0333333333333333,70,40375
7.60193215437123,0.894133444176545,12.4666666666667,0.0666666666666667,65,40375
19.5158100415738,0.606361475732842,12.6,0.0333333333333333,72,40379
8.83792888998733,0.801729832345583,12.6333333333333,0.0333333333333333,60,40380
7.48290443448273,-0.518149089839034,12.6333333333333,0.0333333333333333,69,40380
1.55875149035168,-0.820543384721055,12.6333333333333,0.0666666666666667,66,40380
4.30891537925576,0.494032017144627,12.6666666666667,0.0333333333333333,76,40381
2.75691214183024,-0.997011218070113,12.7,0.0333333333333333,73,40382
11.5657498774319,-0.549179770306856,12.7666666666667,0.0333333333333333,63,40384
7.35620077159848,-0.858827579089846,12.7666666666667,0.0666666666666667,65,40384
15.548092887488,0.619442282457733,12.9,0.0333333333333333,62,40388
6.77200423897055,0.0993737538194027,12.9666666666667,0.0333333333333333,79,40390
2.93741787299153,-0.921596382687191,13.2,0.0666666666666667,74,40397
10.292613690917,-0.991996662342844,13.3,0.0333333333333333,66,40400
16.1408129014779,0.946625007522029,13.3333333333333,0.0333333333333333,72,40401
7.24345635422536,0.99403272606287,13.3333333333333,0.0333333333333333,64,40401
14.8414148305245,0.0692399969504064,13.3666666666667,0.0333333333333333,60,40402
9.96197806536318,-0.282490598927899,13.3666666666667,0.0333333333333333,75,40402
8.80785592232105,-0.74703868631046,13.3666666666667,0.0333333333333333,68,40402
10.4439367782516,-0.618775528157165,13.4333333333333,0.0333333333333333,76,40404
17.8306529850632,0.606107934787947,13.5,0.0333333333333333,60,40406
2.86394259831214,0.31726282635384,13.5333333333333,0.0333333333333333,78,40407
8.49555882908825,0.80483267616662,13.6,0.0333333333333333,70,40409
2.71767937956376,-0.998936184664928,13.7,0.0333333333333333,66,40412
4.51994727585856,0.479891900096804,13.7,0.0333333333333333,80,40412
7.17933465475707,-0.510695285642712,13.7333333333333,0.0666666666666667,72,40413
1.55884661600808,-0.820195736002579,13.7666666666667,0.0666666666666667,60,40414
7.097236287184,-0.85802134501712,13.8,0.0666666666666667,71,40415
7.48431680228807,0.155012181813931,13.8333333333333,0.0333333333333333,69,40416
17.1889815934235,0.569150238002138,13.9,0.0333333333333333,68,40418
7.61892410597614,0.894084651966907,13.9,0.0333333333333333,62,40418
3.86828888130525,-0.938555938357823,13.9666666666667,0.0333333333333333,66,40420
5.38315334193618,0.0943866874938072,14.0333333333333,0.0666666666666667,65,40422
3.10174550443731,-0.929231149322405,14.1666666666667,0.0333333333333333,61,40426
9.03269427819611,-0.838106376769197,14.3,0.0333333333333333,67,40430
14.6803312972874,0.078929812925318,14.3333333333333,0.0333333333333333,62,40431
16.7127271591372,0.609572671331964,14.3666666666667,0.0333333333333333,70,40432
3.37119884977919,0.631588960922282,14.4,0.0333333333333333,74,40433
12.1833697071496,0.242937090081375,14.4333333333333,0.0333333333333333,66,40434
9.88608280946209,-0.26555116421897,14.5,0.0333333333333333,78,40436
8.45375979746363,0.823948078213472,14.5333333333333,0.0666666666666667,64,40437
12.0284172162958,-0.178611883951819,14.5666666666667,0.0333333333333333,67,40438
2.69415949452026,-0.999187477274777,14.7,0.0333333333333333,77,40442
7.24556015697941,0.994074096271383,14.7666666666667,0.0333333333333333,64,40444
6.87599928782266,-0.867553933233442,14.8333333333333,0.0666666666666667,61,40446
6.87647684215732,-0.507657732892399,14.8666666666667,0.0333333333333333,63,40447
7.63020118096869,0.161098847894781,14.8666666666667,0.0666666666666667,74,40447
1.55974107013714,-0.820341389599938,14.9,0.0666666666666667,65,40448
3.79690466453488,-0.938084108013698,14.9333333333333,0.0666666666666667,61,40449
18.4045080253486,0.51179796673079,14.9666666666667,0.0333333333333333,66,40450
5.88236641591079,0.144514972715093,14.9666666666667,0.0666666666666667,66,40450
5.43221041030595,0.0177359492176764,15.1,0.0666666666666667,68,40454
3.25203320460733,-0.937272134918655,15.1333333333333,0.0333333333333333,68,40455
10.5145540201606,-0.663149120805517,15.1666666666667,0.0333333333333333,67,40456
9.23795586513089,-0.918174524139791,15.2333333333333,0.0333333333333333,64,40458
15.5804705821607,0.611974677136386,15.2666666666667,0.0333333333333333,72,40459
7.63162053989936,0.893942429989568,15.2666666666667,0.0666666666666667,79,40459
14.6711718828599,0.077874340497172,15.3,0.0333333333333333,70,40460
6.24445508626939,-0.441466525535263,15.3,0.0333333333333333,66,40460
12.2338657658258,0.242786105013597,15.3666666666667,0.0333333333333333,76,40462
16.7533214645037,0.948832663361472,15.4333333333333,0.0333333333333333,63,40464
3.43237001391457,-0.333774006669012,15.4666666666667,0.0333333333333333,70,40465
8.52830539931356,0.843493571820761,15.5,0.0666666666666667,60,40466
12.0963834156964,-0.18827946972957,15.5333333333333,0.0333333333333333,60,40467
2.66984478749456,-0.999992245737503,15.7333333333333,0.0333333333333333,60,40473
5.16999191430498,0.444448411491325,15.7666666666667,0.0666666666666667,76,40474
11.0167544512034,-0.927880019788023,15.8666666666667,0.0333333333333333,69,40477
6.65859144132946,-0.86197655336771,15.9,0.0333333333333333,78,40478
7.91529465098755,0.179748291414136,15.9,0.0666666666666667,65,40478
3.71978677973708,-0.936390476129592,15.9666666666667,0.0333333333333333,70,40480
6.61760268631386,-0.496902795972119,15.9666666666667,0.0666666666666667,60,40480
19.8186076311371,0.459248000303618,16.0333333333333,0.0333333333333333,69,40482
1.55689713637291,-0.819968938902792,16.0333333333333,0.0666666666666667,73,40482
5.34279455848461,0.163834084518734,16.0666666666667,0.0333333333333333,76,40483
3.37953454602978,-0.947283887851189,16.1,0.0333333333333333,64,40484
9.30649864247009,-0.975694648111883,16.1333333333333,0.0333333333333333,74,40485
15.1949197914107,0.605646283528745,16.1333333333333,0.0666666666666667,70,40485
5.2611789321175,-0.0259572638507661,16.1666666666667,0.0333333333333333,77,40486
7.22986831203154,0.994021154720972,16.1666666666667,0.0333333333333333,80,40486
10.3054076207108,-0.992032003137623,16.3,0.0333333333333333,67,40490
3.56468364527404,-0.372329728130877,16.3666666666667,0.0333333333333333,75,40492
1.16803704525512,0.484570655905347,16.4,0.0333333333333333,62,40493
12.5999830400014,-0.968323542404166,16.4333333333333,0.0333333333333333,72,40494
8.3988634763065,0.85814887540979,16.4666666666667,0.0666666666666667,77,40495
16.9115058166118,0.953090308033878,16.5,0.0333333333333333,77,40496
1.23239070621046,0.431067155564175,16.5333333333333,0.0333333333333333,69,40497
7.6236137069411,0.893993664435773,16.7333333333333,0.0333333333333333,67,40503
2.55304948966511,-0.999450328880637,16.7333333333333,0.0666666666666667,79,40503
5.21088735158438,0.45742864154447,16.8,0.0333333333333333,64,40505
6.40123922633943,-0.855387988778666,16.9333333333333,0.0333333333333333,73,40509
3.64835307274625,-0.936655690175025,16.9666666666667,0.0666666666666667,72,40510
14.3041875768358,0.617440478316684,17.0333333333333,0.0333333333333333,75,40512
18.1333300693504,0.440673110441892,17.0333333333333,0.0333333333333333,74,40512
8.81823461710553,-0.995701994474476,17.0666666666667,0.0333333333333333,75,40513
3.48819756957001,-0.956264160796201,17.1,0.0333333333333333,64,40514
6.40302880554455,-0.498816417476804,17.1,0.0666666666666667,66,40514
1.5591823390168,-0.820449464137671,17.1666666666667,0.0333333333333333,77,40516
14.7490379429598,0.0815989407573679,17.2,0.0333333333333333,61,40517
5.07077179506514,-0.0552178371919989,17.2333333333333,0.0333333333333333,80,40518
4.68737061919881,-0.997607725242022,17.2333333333333,0.0333333333333333,67,40518
3.49611487855767,-0.389778365694036,17.3333333333333,0.0666666666666667,64,40521
12.1588720700677,-0.290669003901287,17.4,0.0333333333333333,78,40523
8.29762038355118,0.863137862673199,17.4333333333333,0.0333333333333333,69,40524
12.5593487284462,-0.967477570006795,17.5,0.0333333333333333,77,40526
10.3632194114223,-0.992050578604667,17.6,0.0333333333333333,62,40529
6.05120918751242,-0.415443859701326,17.7333333333333,0.0333333333333333,73,40533
2.39031721199695,-0.997738638839962,17.7666666666667,0.0666666666666667,74,40534
13.6096332814648,0.629646866735922,17.9,0.0666666666666667,72,40538
6.10278177796738,-0.843535449819356,17.9666666666667,0.0666666666666667,66,40540
3.641035766371,-0.931579328610014,17.9666666666667,0.0666666666666667,63,40540
8.52321818618704,-0.993357207668475,18,0.0333333333333333,66,40541
19.3143257539084,0.423196088668768,18.0333333333333,0.0333333333333333,68,40542
2.60168446016317,0.442455194181683,18.0333333333333,0.0333333333333333,72,40542
10.2985110686585,-0.991985826657509,18.0333333333333,0.0333333333333333,65,40542
3.58588124693377,-0.965541824380917,18.1,0.0333333333333333,65,40544
14.416936888913,-0.934973012997102,18.1,0.0333333333333333,79,40544
7.61931774571894,0.893960259537359,18.1666666666667,0.0333333333333333,80,40546
4.75681314222895,0.265867855365939,18.2,0.0333333333333333,61,40547
6.16375725726626,-0.503653780551322,18.2333333333333,0.0333333333333333,67,40548
11.0868512955921,-0.935507096494817,18.2333333333333,0.0333333333333333,72,40548
3.1319071299696,0.0046041900425947,18.2666666666667,0.0333333333333333,60,40549
11.2182946412343,0.317729694736362,18.2666666666667,0.0333333333333333,66,40549
1.55938966268396,-0.820240717446772,18.2666666666667,0.0666666666666667,63,40549
5.00721501847683,-0.0861631457627705,18.3,0.0333333333333333,71,40550
17.9218904283081,-0.925080153098089,18.3,0.0333333333333333,70,40550
3.54715805099722,-0.399274803962065,18.3333333333333,0.0333333333333333,73,40551
12.8680151708102,0.354729010466672,18.3666666666667,0.0333333333333333,69,40552
8.13050290991157,0.864444348788978,18.4,0.0666666666666667,64,40553
4.67908215380489,-0.997557609438341,18.4666666666667,0.0333333333333333,80,40555
12.4441593875771,-0.965712474405237,18.5666666666667,0.0333333333333333,76,40558
13.7665210251334,-0.285091104483325,18.7333333333333,0.0666666666666667,73,40563
2.27278914031903,-0.993886321310894,18.7666666666667,0.0666666666666667,80,40564
12.9388658444616,0.651046824642694,18.8,0.0333333333333333,62,40565
5.58845758458714,0.470412866660399,18.9,0.0333333333333333,69,40568
8.2459800525381,-0.984854543216783,18.9666666666667,0.0333333333333333,75,40570
5.74022544565209,-0.392974711018614,18.9666666666667,0.0333333333333333,79,40570
3.53314940898969,-0.935197065387652,19,0.0333333333333333,76,40571
5.81212378192107,-0.836460844561922,19,0.0666666666666667,62,40571
19.7243505013189,0.419427624284538,19.0333333333333,0.0333333333333333,79,40572
14.4701319011744,0.0966996160143184,19.1,0.0333333333333333,71,40574
3.73188270557823,-0.967640963825668,19.1333333333333,0.0333333333333333,63,40575
14.3334064868325,-0.930256114514323,19.1333333333333,0.0333333333333333,75,40575
4.95957011080103,0.311855739116122,19.2333333333333,0.0666666666666667,72,40578
10.3059241390419,0.421530336306515,19.2666666666667,0.0333333333333333,64,40579
3.52426790022699,-0.406656965115092,19.3,0.0333333333333333,72,40580
12.32014009442,-0.363966029855063,19.3,0.0333333333333333,70,40580
5.88475689655416,0.397707794970952,19.3333333333333,0.0333333333333333,62,40581
4.91776322927196,-0.108923268386879,19.3333333333333,0.0333333333333333,72,40581
10.326179469499,-0.52512533175572,19.3333333333333,0.0333333333333333,64,40581
0.855954712948483,0.406779976363538,19.3333333333333,0.0333333333333333,73,40581
3.59243121196135,0.562451293326372,19.3666666666667,0.0333333333333333,62,40582
6.00288261073725,-0.49968465763628,19.3666666666667,0.0333333333333333,70,40582
7.88203738390033,0.867157889272456,19.4,0.0333333333333333,73,40583
1.5578620331953,-0.82002333348832,19.4,0.0666666666666667,70,40583
10.4835158823712,-0.581738232002451,19.4666666666667,0.0666666666666667,79,40585
7.58851441536806,0.894309434290717,19.6333333333333,0.0333333333333333,80,40590
17.7454573917675,0.916364270543014,19.6666666666667,0.0333333333333333,60,40591
12.409634080206,-0.963643545728728,19.6666666666667,0.0333333333333333,62,40591
12.0635974923039,0.681829394474784,19.6666666666667,0.0666666666666667,72,40591
10.3044655835021,-0.992006391257771,19.6666666666667,0.0666666666666667,62,40591
2.30592456233027,-0.987797986364329,19.7666666666667,0.0666666666666667,71,40594
8.06033692975798,-0.96571399610167,19.9333333333333,0.0333333333333333,77,40599
5.492578477212,0.457784553928288,19.9333333333333,0.0333333333333333,61,40599
13.4706458803376,-0.249873352744081,19.9666666666667,0.0333333333333333,67,40600
3.47585568957637,-0.927312592257216,20,0.0333333333333333,74,40601
19.1292769447933,0.423732714953613,20.0333333333333,0.0333333333333333,76,40602
14.3919571456621,0.110266528597017,20.0666666666667,0.0333333333333333,74,40603
5.50569739826056,-0.860916006621524,20.0666666666667,0.0666666666666667,61,40603
3.77512234801658,-0.961237479233552,20.1666666666667,0.0333333333333333,70,40606
5.82114833438103,-0.375513873597546,20.1666666666667,0.0333333333333333,75,40606
9.29507455994754,0.55347747518686,20.2333333333333,0.0333333333333333,68,40608
3.4502905620362,-0.41336369322746,20.2666666666667,0.0666666666666667,62,40609
7.71592019893819,0.875849249139459,20.3666666666667,0.0666666666666667,64,40612
4.86058586808309,-0.10397637781659,20.3666666666667,0.0666666666666667,64,40612
5.91263699979496,-0.492431149280202,20.5,0.0333333333333333,67,40616
1.55993390279512,-0.820438421883107,20.5,0.0666666666666667,63,40616
11.6923074098826,0.700000648839747,20.5666666666667,0.0333333333333333,63,40618
5.90806603239621,0.397556736155932,20.5666666666667,0.0333333333333333,66,40618
18.7352587283728,0.883593749897838,20.7,0.0333333333333333,60,40622
12.41907139146,-0.960103871200267,20.7333333333333,0.0333333333333333,73,40623
2.25352270176114,-0.984601749737421,20.7666666666667,0.0666666666666667,71,40624
7.93709991416517,-0.942441785003226,20.8666666666667,0.0333333333333333,67,40627
13.3226892808143,-0.67395076207856,20.8666666666667,0.0333333333333333,73,40627
4.68666994580056,-0.997610934574844,20.9666666666667,0.0333333333333333,74,40630
14.1055658425522,0.132172201628509,21,0.0333333333333333,68,40631
3.42373348231143,-0.928033807887721,21,0.0666666666666667,67,40631
10.3088000364534,-0.991933049752417,21.0333333333333,0.0333333333333333,74,40632
7.60761609592688,0.894011846326241,21.1,0.0333333333333333,74,40634
5.399819970521,-0.885278382586672,21.1,0.0666666666666667,65,40634
13.2235423084019,-0.234632634989168,21.2,0.0333333333333333,66,40637
3.77285504819329,-0.954783715359526,21.2,0.0666666666666667,62,40637
8.09734598964645,0.70428809779245,21.2,0.0666666666666667,66,40637
3.53031620458723,-0.419009472318722,21.2333333333333,0.0333333333333333,63,40638
0.968091882939821,0.563848611253759,21.2666666666667,0.0333333333333333,78,40639
2.15797531283557,0.436717208104102,21.2666666666667,0.0333333333333333,69,40639
7.70179936717491,0.880168900798713,21.3666666666667,0.0333333333333333,80,40642
5.6058438796292,-0.350275849576059,21.3666666666667,0.0333333333333333,74,40642
4.75395313543612,-0.120483268580578,21.4333333333333,0.0666666666666667,61,40644
11.5602837486828,0.706911623768452,21.4666666666667,0.0333333333333333,69,40645
5.73208223608002,-0.512194610011868,21.6,0.0333333333333333,79,40649
1.55832580233148,-0.819511340341503,21.6,0.0666666666666667,73,40649
9.68540209879803,-0.480633026806976,21.6666666666667,0.0333333333333333,76,40651
19.4868662072455,0.840517748334467,21.7666666666667,0.0333333333333333,64,40654
5.9202549388422,0.397291540970245,21.7666666666667,0.0333333333333333,74,40654
12.3199991587047,-0.955164642620553,21.8,0.0333333333333333,72,40655
2.20380450781839,-0.981263350771395,21.8,0.0666666666666667,70,40655
7.79498725754599,-0.909883828499453,21.8333333333333,0.0333333333333333,68,40656
2.35784355935827,0.386381710315123,22,0.0333333333333333,76,40661
5.5486659931338,0.429891458913018,22.0333333333333,0.0333333333333333,76,40662
3.49055090292718,-0.422861529422872,22.2,0.0333333333333333,60,40667
7.06481452479449,0.892466581596491,22.2,0.0333333333333333,80,40667
5.28266768886427,-0.901640810197512,22.2,0.0666666666666667,71,40667
2.10615711607959,0.116188561305216,22.2333333333333,0.0333333333333333,65,40668
3.7803609011328,-0.946999832284209,22.2333333333333,0.0666666666666667,63,40668
4.67006171127534,-0.997596611184574,22.2666666666667,0.0333333333333333,72,40669
7.56322840665065,0.880107367053771,22.3333333333333,0.0666666666666667,78,40671
11.180483317119,0.701692074008721,22.3666666666667,0.0333333333333333,68,40672
3.58302838899462,0.560798182882598,22.3666666666667,0.0666666666666667,68,40672
13.1289031483322,-0.235017055186342,22.4,0.0333333333333333,67,40673
4.67752171457879,-0.144288489882889,22.5,0.0666666666666667,77,40676
7.60990174878529,0.894283389709313,22.6666666666667,0.0333333333333333,74,40681
5.65728370278222,-0.557706454887808,22.6666666666667,0.0666666666666667,65,40681
1.55708788808084,-0.819905584681834,22.7333333333333,0.0333333333333333,62,40683
7.79701615123494,-0.864885535738467,22.8,0.0333333333333333,78,40685
19.7867881653088,0.784543627944906,22.8333333333333,0.0333333333333333,73,40686
10.2536253385211,-0.9918904056592,22.8333333333333,0.0333333333333333,65,40686
2.13197002106712,-0.971440860643175,22.8333333333333,0.0666666666666667,76,40686
2.65132941315894,-0.224059312737122,22.8666666666667,0.0333333333333333,65,40687
5.93557417833189,0.397372495960656,22.9666666666667,0.0333333333333333,65,40690
11.0234974076946,-0.947401271996855,22.9666666666667,0.0333333333333333,75,40690
19.3468124612323,0.416920177264735,23.0333333333333,0.0333333333333333,76,40692
3.28904572438032,-0.947015171269668,23.0333333333333,0.0666666666666667,66,40692
3.55596402501978,-0.424458526354585,23.1333333333333,0.0666666666666667,72,40695
6.42938112518463,0.995752072232885,23.1666666666667,0.0333333333333333,61,40696
10.9068044000494,0.700571075321725,23.2333333333333,0.0666666666666667,72,40698
12.9383908783549,-0.347143014746636,23.2666666666667,0.0333333333333333,65,40699
8.38145397595683,-0.34606476325931,23.2666666666667,0.1,69,40699
5.12672305356078,-0.905439456631679,23.3,0.0333333333333333,63,40700
3.77292467126648,-0.936740474746186,23.3,0.0333333333333333,61,40700
7.51208610732967,0.893051438356562,23.3666666666667,0.0333333333333333,80,40702
4.75421210012874,-0.997761840035892,23.5666666666667,0.0333333333333333,70,40708
4.63402341736791,-0.156535376172252,23.5666666666667,0.0666666666666667,71,40708
12.9983602734518,-0.232732323366002,23.6333333333333,0.0333333333333333,80,40710
10.8968620584734,0.133668135178887,23.7,0.0333333333333333,77,40712
7.85075037183245,-0.809319193564882,23.7333333333333,0.0333333333333333,74,40713
1.55942941508951,-0.820194470704055,23.8333333333333,0.0666666666666667,61,40716
3.58537161724567,0.561357326828711,23.8666666666667,0.0333333333333333,76,40717
5.65452955300395,-0.623663230170921,23.8666666666667,0.0333333333333333,79,40717
2.1440168053543,-0.955534812979542,23.8666666666667,0.0333333333333333,76,40717
9.06441436303912,-0.419833840294629,24.0333333333333,0.0333333333333333,80,40722
17.6615020485227,0.426929663367285,24.0333333333333,0.0666666666666667,67,40722
3.22322025642279,-0.953568696426647,24.0666666666667,0.0333333333333333,64,40723
3.42094296512783,-0.434566910960687,24.1,0.0666666666666667,61,40724
6.44553099204668,0.725340845770703,24.1333333333333,0.0666666666666667,68,40725
10.5601419092445,0.703768741271551,24.1333333333333,0.0666666666666667,73,40725
5.90504283794735,0.397436628923757,24.1666666666667,0.0333333333333333,77,40726
1.71414055645133,-0.369807481277387,24.1666666666667,0.0333333333333333,63,40726
7.6233477041112,0.893994195028843,24.1666666666667,0.0333333333333333,62,40726
3.74830813156332,-0.923899570743546,24.3333333333333,0.0333333333333333,68,40731
7.43968690542167,0.901660828357291,24.3666666666667,0.0333333333333333,79,40732
4.90288076331505,-0.903020587526488,24.4,0.0333333333333333,67,40733
5.91751949076241,0.620184190266782,24.4666666666667,0.0333333333333333,67,40735
7.99972943104763,-0.745844672295743,24.6666666666667,0.0333333333333333,74,40741
4.43518045289266,-0.159145605551282,24.6666666666667,0.0666666666666667,73,40741
4.8950920027417,-0.995622554598484,24.8,0.0333333333333333,71,40745
13.184377002646,-0.236684810593332,24.8333333333333,0.0333333333333333,68,40746
2.12318488243691,-0.921816297211638,24.8666666666667,0.0666666666666667,72,40747
1.55705953785057,-0.820178331799614,24.9666666666667,0.0333333333333333,60,40750
5.79542657185094,-0.734186965012611,25,0.0333333333333333,69,40751
12.0767557660764,-0.946946510824355,25,0.0333333333333333,76,40751
9.74845972668219,0.707522943123508,25.0333333333333,0.0666666666666667,75,40752
15.8267730001187,0.441643433209185,25.0333333333333,0.0666666666666667,77,40752
3.35329531540842,-0.45775573100757,25.0666666666667,0.0333333333333333,68,40753
3.14589219884881,-0.961536960982315,25.0666666666667,0.0666666666666667,63,40753
7.17433520924729,0.384025711603184,25.1,0.0666666666666667,73,40754
5.77628802659897,0.411825703176203,25.1333333333333,0.0333333333333333,68,40755
8.82199191211157,-0.403822536815207,25.2,0.0333333333333333,72,40757
3.58443582726368,0.561040315648033,25.3,0.0333333333333333,71,40760
2.90031428009591,0.465948690987021,25.3333333333333,0.0333333333333333,73,40761
7.38127415291325,0.908946168599365,25.3666666666667,0.0333333333333333,67,40762
3.75301865606944,-0.906446893343939,25.3666666666667,0.0666666666666667,76,40762
4.67637189788074,-0.895665656842619,25.4666666666667,0.0666666666666667,65,40765
8.05654753712158,-0.681011768752489,25.6,0.0333333333333333,70,40769
7.60263325433644,0.894203053338865,25.6,0.0333333333333333,72,40769
4.29071635237968,-0.177241933032083,25.7333333333333,0.0666666666666667,62,40773
1.9398034529023,-0.890461699554271,25.9,0.0666666666666667,73,40778
9.41180523249804,0.708601712750663,25.9333333333333,0.0666666666666667,80,40779
2.4503417054801,0.694295726644122,26,0.0333333333333333,64,40781
3.31008682405927,-0.452301548713955,26,0.0666666666666667,61,40781
15.0746838696704,0.444108873756485,26.0333333333333,0.0333333333333333,76,40782
15.402443694597,0.444219405917381,26.0666666666667,0.0333333333333333,77,40783
12.8910745061212,-0.23393686600739,26.0666666666667,0.0333333333333333,73,40783
12.1179443862214,-0.94370699476393,26.0666666666667,0.0333333333333333,75,40783
3.04270868947385,-0.971697710721981,26.1,0.0333333333333333,65,40784
16.0786715075252,-0.316402876138271,26.1333333333333,0.0333333333333333,61,40785
5.94153713463465,0.390875927792419,26.1666666666667,0.0333333333333333,66,40786
6.04284874483635,-0.83848837691485,26.2,0.0333333333333333,70,40787
8.62485030809953,-0.424727091823851,26.3666666666667,0.0333333333333333,73,40792
7.11587490492868,0.905842269138727,26.3666666666667,0.0666666666666667,78,40792
3.75254010126666,-0.882136070466217,26.4333333333333,0.0666666666666667,75,40794
5.95417746109003,0.397002405937053,26.5,0.0333333333333333,67,40796
10.7043322035893,-0.955004751433756,26.5333333333333,0.0333333333333333,65,40797
4.45724673803946,-0.890084127845104,26.5666666666667,0.0666666666666667,66,40798
5.98035729113836,0.745725224750011,26.6333333333333,0.0333333333333333,63,40800
3.58812909280646,0.561596410166748,26.7,0.0333333333333333,70,40802
4.1906685251753,-0.202594890011276,26.7666666666667,0.0666666666666667,64,40804
9.09898488815957,0.717843164550539,26.8333333333333,0.0666666666666667,66,40806
1.82204395590242,-0.845837363255841,26.9,0.0666666666666667,71,40808
3.22504886728068,-0.435598025695444,26.9666666666667,0.0333333333333333,64,40810
8.07041094796641,0.234949737544654,27,0.1,76,40811
14.3106079025208,0.459096760971217,27.0333333333333,0.0333333333333333,60,40812
16.3246927710413,-0.302444195541239,27.0333333333333,0.0333333333333333,71,40812
2.98416018461242,-0.981603704401744,27.1,0.0666666666666667,63,40814
12.6349785453599,-0.221562806729978,27.3,0.0333333333333333,78,40820
6.21661392942825,-0.867544612425272,27.3,0.0666666666666667,64,40820
6.83691518543903,0.897917022120239,27.3666666666667,0.0666666666666667,69,40822
3.7570177852682,-0.854276131433837,27.5,0.0333333333333333,71,40826
5.93506071041937,0.397396045474551,27.6666666666667,0.0333333333333333,61,40831
4.22297599838427,-0.918159320924589,27.7,0.0666666666666667,80,40832
10.5191028226939,-0.957953266714052,27.7333333333333,0.0333333333333333,62,40833
8.7073482469182,0.730512358797956,27.7333333333333,0.0666666666666667,75,40833
4.15765719298461,-0.234369843161874,27.8333333333333,0.0666666666666667,72,40836
3.11808364805172,-0.421011181542417,27.9,0.0666666666666667,74,40838
1.6915318470826,-0.770450889404401,27.9333333333333,0.0666666666666667,69,40839
15.3553933279754,0.43958156957186,28,0.0666666666666667,69,40841
2.84474119164339,-0.986661682043676,28.1333333333333,0.0333333333333333,75,40845
3.58555351748862,0.561279388235766,28.1666666666667,0.0333333333333333,60,40846
11.9355765973699,-0.929448940823397,28.1666666666667,0.0333333333333333,80,40846
1.55231312181984,0.593114871738425,28.2,0.0333333333333333,62,40847
6.57606278662053,0.898736704681987,28.4,0.0666666666666667,68,40853
12.3834456996287,-0.210858257713308,28.5333333333333,0.0333333333333333,66,40857
6.48865432626256,-0.886783520068391,28.5333333333333,0.0333333333333333,80,40857
3.81074780335989,-0.833812184414391,28.5333333333333,0.0666666666666667,62,40857
8.3570598803413,0.747527875770084,28.6333333333333,0.0666666666666667,70,40860
9.15692022003319,-0.435742938369214,28.7,0.0333333333333333,74,40862
4.04229557486389,-0.952558850454822,28.8,0.0666666666666667,61,40865
5.91958715878703,0.397590801359265,28.8333333333333,0.0333333333333333,75,40866
3.06692058097246,-0.419635029767327,28.8666666666667,0.0333333333333333,64,40867
4.19830256049789,-0.251561527371449,28.9,0.0333333333333333,78,40868
10.4352202959841,-0.960819973487792,28.9,0.0333333333333333,62,40868
1.51104186656597,-0.656921867517998,28.9666666666667,0.0666666666666667,78,40870
15.5285005465273,0.429699570378181,29,0.0666666666666667,75,40871
2.73671495866488,-0.98741389738594,29.1666666666667,0.0333333333333333,67,40876
6.5106117637816,0.349572206321483,29.2666666666667,0.0333333333333333,68,40879
6.53593224490993,0.91496239887081,29.4333333333333,0.0333333333333333,69,40884
3.58415391783924,0.560966935578267,29.5333333333333,0.0666666666666667,69,40887
8.50785419260251,0.764820212969419,29.5666666666667,0.0333333333333333,75,40888
9.02239947174186,-0.418194040349455,29.6,0.0333333333333333,80,40889
3.83454005015468,-0.810103952227029,29.6,0.0666666666666667,77,40889
12.1935204918504,-0.206983044532144,29.7333333333333,0.0333333333333333,70,40893
2.92724193627717,-0.396394471363924,29.8,0.0333333333333333,67,40895
8.69760654596221,-0.422545110436413,29.8333333333333,0.0333333333333333,64,40896
6.98654554869059,-0.927332072879346,29.9,0.0333333333333333,79,40898
4.04545642022694,-0.981536578101574,29.9,0.0666666666666667,68,40898
4.16011255934227,-0.276218376163687,29.9666666666667,0.0333333333333333,77,40900
1.41544905365537,-0.550100750742128,29.9666666666667,0.0666666666666667,64,40900
13.1352231678515,0.43521022045551,30,0.0333333333333333,60,40901
5.94262826934836,0.397336989232453,30,0.0333333333333333,79,40901
2.67657858821877,-0.989954057958935,30.1666666666667,0.0666666666666667,69,40906
11.75315261707,-0.921719730138312,30.2666666666667,0.0333333333333333,61,40909
6.45058487630664,0.920500461382213,30.4333333333333,0.0666666666666667,74,40914
8.27894296110181,0.778987530636562,30.4666666666667,0.0666666666666667,72,40915
3.89338542163895,-0.798439376609377,30.6666666666667,0.0333333333333333,70,40921
2.94060517316557,-0.401935373909314,30.7333333333333,0.0333333333333333,79,40923
14.213860667902,-0.0691643201099111,30.7333333333333,0.0333333333333333,80,40923
12.0580337556081,-0.204782555656885,30.9333333333333,0.0333333333333333,67,40929
3.58904128044873,0.561625000482671,30.9666666666667,0.0333333333333333,69,40930
4.11692242501551,-0.995885207773836,30.9666666666667,0.0333333333333333,64,40930
1.45724820533685,-0.480917851299541,30.9666666666667,0.0333333333333333,73,40930
1.81604824217664,0.569465428219111,30.9666666666667,0.0333333333333333,62,40930
8.71156858996378,0.775802470378583,30.9666666666667,0.133333333333333,70,40930
10.8042494520334,0.448014564386336,31,0.0333333333333333,76,40931
4.13047523440795,-0.298712062975702,31,0.0333333333333333,75,40931
9.97589648536524,-0.739614505174161,31,0.0333333333333333,75,40931
4.12289008862234,-0.995983202581281,31,0.0333333333333333,66,40931
1.45753880425845,-0.480135810042782,31,0.0333333333333333,70,40931
8.74337668311722,-0.415965993043293,31,0.0666666666666667,74,40931
12.8849806574672,0.244236692999591,31.0333333333333,0.0333333333333333,76,40932
7.1428501184245,-0.949646400362222,31.1333333333333,0.0333333333333333,71,40935
5.90349130009939,0.397848377515916,31.1666666666667,0.0333333333333333,73,40936
2.58058970023758,-0.989846485899811,31.2,0.0666666666666667,68,40937
9.92127560107459,-0.967031182343334,31.2666666666667,0.0333333333333333,77,40939
7.20073269954792,-0.958583568507727,31.3,0.0333333333333333,61,40940
7.00071161178695,0.328198589415479,31.3666666666667,0.0333333333333333,61,40942
7.51159839576459,0.796842433404601,31.3666666666667,0.0666666666666667,61,40942
6.40446050790866,0.925832240030638,31.4666666666667,0.0666666666666667,79,40945
2.61090790288984,0.756063293255689,31.6,0.0333333333333333,78,40949
2.79834187998378,-0.394858002440931,31.6666666666667,0.0666666666666667,62,40951
3.9352015801861,-0.788235114162081,31.7333333333333,0.0666666666666667,74,40953
5.24550304886679,0.0452795878069956,31.9,0.0333333333333333,73,40958
10.2758817020239,0.462281873977558,31.9666666666667,0.0666666666666667,62,40960
6.97479024653114,0.75021902544113,32,0.0333333333333333,75,40961
1.49898227518107,-0.40869130919155,32,0.0666666666666667,64,40961
4.111255315925,-0.320189333214293,32.0333333333333,0.0333333333333333,74,40962
4.06943251382205,-0.999953874027149,32.0666666666667,0.0333333333333333,78,40963
11.1248044630766,0.226561462674834,32.1,0.0333333333333333,67,40964
11.8807283802596,-0.194944647515679,32.1666666666667,0.0333333333333333,70,40966
8.5839411094228,-0.398540370283904,32.2,0.0333333333333333,73,40967
2.3651728579401,-0.986696170917403,32.2333333333333,0.0666666666666667,73,40968
6.81474658954265,0.822107896630573,32.2666666666667,0.0666666666666667,64,40969
6.2662722108149,0.452151629249875,32.3333333333333,0.0333333333333333,64,40971
11.293470005427,-0.91712453182548,32.3666666666667,0.0333333333333333,70,40972
3.58270970502359,0.560839869878361,32.3666666666667,0.0666666666666667,66,40972
7.36985039334722,-0.967169788496116,32.4,0.0333333333333333,68,40973
9.5640513421463,-0.968860332937043,32.4333333333333,0.0666666666666667,71,40974
6.46198058945746,0.943911884215832,32.5,0.0666666666666667,72,40976
14.004079175707,-0.39039907902608,32.5333333333333,0.0333333333333333,74,40977
15.6550679161444,-0.742235721711674,32.5333333333333,0.0333333333333333,72,40977
2.76904760055551,-0.38212331507587,32.6,0.0666666666666667,68,40979
10.963514335908,0.134283833592984,32.7333333333333,0.0333333333333333,73,40983
4.00319138175832,-0.777474002459501,32.8333333333333,0.0333333333333333,75,40986
10.4683916010455,0.470007349052715,32.9333333333333,0.0666666666666667,68,40989
1.58764483053325,-0.37857978069565,33,0.0666666666666667,65,40991
5.16410729565573,0.0945554715272586,33.0666666666667,0.0333333333333333,70,40993
4.17227078207818,-0.336968406470278,33.1,0.0333333333333333,65,40994
4.03354040914903,-0.997100388507432,33.1333333333333,0.0666666666666667,75,40995
9.67616898775405,0.220555935017346,33.1666666666667,0.0333333333333333,67,40996
6.2150920471277,0.850038923044068,33.1666666666667,0.0666666666666667,74,40996
2.19873650569072,-0.987151089986107,33.2666666666667,0.0333333333333333,73,40999
11.8886680658271,-0.190062413859225,33.3333333333333,0.0666666666666667,73,41001
8.23436625500282,-0.381774986009941,33.4,0.0333333333333333,70,41003
11.2416340375541,-0.915888585448585,33.4,0.0333333333333333,75,41003
6.97439804164064,0.339014562241378,33.4333333333333,0.0666666666666667,61,41004
7.64649488959034,-0.974035927416798,33.4666666666667,0.0333333333333333,63,41005
5.9711236543521,0.541214309710797,33.4666666666667,0.0666666666666667,80,41005
6.58331808070871,0.952484230388913,33.5333333333333,0.0333333333333333,78,41007
2.72113011837531,-0.37856526457016,33.5666666666667,0.0333333333333333,79,41008
3.53781682958023,0.546992763682538,33.8,0.0666666666666667,65,41015
4.08753424348293,-0.763652500021347,33.9,0.0333333333333333,70,41018
9.58976533422711,0.503499107620721,33.9333333333333,0.0333333333333333,80,41019
1.62459932951858,-0.349650475245084,34.0333333333333,0.0666666666666667,74,41022
5.7887621477329,0.848898816431151,34.1,0.0666666666666667,80,41024
4.15692706066766,-0.357691767759532,34.1666666666667,0.0333333333333333,68,41026
7.15826048699558,0.752791166934319,34.1666666666667,0.0333333333333333,66,41026
1.12978346775105,0.797308982002858,34.2,0.0333333333333333,69,41027
4.05498052750541,-0.989746768955472,34.2333333333333,0.0333333333333333,79,41028
7.94804676336936,0.24931638785983,34.3,0.0333333333333333,67,41030
2.04510614535385,-0.987767110520172,34.3,0.0666666666666667,77,41030
11.0756195082732,-0.912745038890171,34.4333333333333,0.0666666666666667,62,41034
2.67321020609546,-0.386972873766415,34.5,0.0333333333333333,80,41036
6.62699173275807,0.960530437965933,34.5666666666667,0.0333333333333333,67,41038
11.4791185918559,-0.182143019838622,34.5666666666667,0.0333333333333333,76,41038
7.86244583360243,-0.347973030262222,34.6,0.0666666666666667,75,41039
7.72072879960468,-0.979018768168813,34.6333333333333,0.0333333333333333,68,41040
6.40280528348684,0.610127833554808,34.6333333333333,0.0666666666666667,77,41040
9.76946396063353,-0.379458751132288,34.6666666666667,0.0333333333333333,68,41041
9.08386168328165,0.519941015819883,34.9,0.0333333333333333,60,41048
4.18524603055279,-0.750552081279421,35,0.0333333333333333,62,41051
5.23702164436294,0.844188150735176,35,0.0666666666666667,72,41051
1.69771645118641,-0.323513781945108,35.0666666666667,0.0666666666666667,78,41053
11.5417028052592,0.944571838843845,35.1333333333333,0.0666666666666667,64,41055
3.56246561405395,0.50631210946191,35.1666666666667,0.0666666666666667,73,41056
13.390188676238,-0.755123192049869,35.2,0.0333333333333333,72,41057
4.15411490618539,-0.986157810062956,35.3,0.0333333333333333,68,41060
12.3575282428284,-0.208068548816302,35.3,0.0333333333333333,67,41060
1.85916513726158,-0.98995493982555,35.3,0.0666666666666667,75,41060
9.86192104535354,0.111972665783964,35.3666666666667,0.0333333333333333,68,41062
2.59461323335731,-0.405515387243883,35.4333333333333,0.0666666666666667,69,41064
10.9826067271591,-0.912316555894534,35.5,0.0333333333333333,73,41066
6.72135824173617,0.96239517434917,35.6,0.0333333333333333,79,41069
19.8963946467179,0.96615568976448,35.6666666666667,0.0333333333333333,65,41071
8.56810415136588,0.995198758672314,35.7,0.0333333333333333,66,41072
7.77145685301418,-0.982266182127112,35.7333333333333,0.0666666666666667,63,41073
11.0377408598379,-0.16120301642427,35.7666666666667,0.0333333333333333,65,41074
7.39890404577865,0.675878170468644,35.8,0.0333333333333333,60,41075
7.53645913547034,-0.312075394542741,35.8666666666667,0.0333333333333333,78,41077
8.78922170533318,0.55150520963527,35.9,0.0333333333333333,77,41078
4.82453864127655,0.813666776718042,35.9,0.0666666666666667,79,41078
9.07053772657401,-0.972982397424564,35.9666666666667,0.0333333333333333,72,41080
4.23043841513086,-0.72902014950504,36.0666666666667,0.0333333333333333,70,41083
1.79220630888523,-0.310716045203932,36.0666666666667,0.0666666666666667,66,41083
4.31101784525185,-0.423448052471664,36.2666666666667,0.0333333333333333,62,41089
7.93535411977126,0.743824070282234,36.3,0.0333333333333333,72,41090
1.86080167420588,-0.993230897187188,36.3333333333333,0.0666666666666667,77,41091
4.21122354366961,-0.978614310437915,36.3666666666667,0.0333333333333333,62,41092
2.46604128146226,-0.410911389777,36.3666666666667,0.0666666666666667,71,41092
8.15704770595054,0.186464716854936,36.4,0.0333333333333333,71,41093
9.32584418387822,0.175967141473112,36.5,0.0666666666666667,77,41096
3.73157536666134,0.430763389501782,36.5,0.1,77,41096
6.7349207300893,0.967937244104631,36.6333333333333,0.0333333333333333,63,41100
18.7882734735834,0.968518716493642,36.6666666666667,0.0333333333333333,68,41101
8.52728838360864,0.994607296298641,36.8,0.0333333333333333,68,41105
4.46530109152308,0.750977068667008,36.8,0.0666666666666667,78,41105
8.70846891485638,0.571573082101003,36.8666666666667,0.0666666666666667,72,41107
8.22989158112441,0.725654827020417,36.9333333333333,0.0333333333333333,69,41109
11.8592088004091,-0.766107323200186,36.9666666666667,0.0666666666666667,78,41110
10.6912645597374,-0.144862176150045,37,0.0333333333333333,65,41111
7.25664010160609,-0.277931316276341,37.1,0.0666666666666667,67,41114
1.86868688795798,-0.296426295618059,37.1,0.0666666666666667,73,41114
8.78608520538913,-0.97382082691471,37.1333333333333,0.0333333333333333,66,41115
4.26356452845313,-0.708473094699127,37.1666666666667,0.0333333333333333,78,41116
4.40874561546782,-0.444344996262417,37.3,0.0333333333333333,73,41120
2.32770795819873,-0.39281521210246,37.3,0.0666666666666667,71,41120
9.8184680286699,-0.375368107268134,37.3666666666667,0.0333333333333333,73,41122
8.20797182823719,0.736799136965954,37.3666666666667,0.0333333333333333,72,41122
1.78531637484831,-0.99870769352201,37.3666666666667,0.0666666666666667,73,41122
4.2729262859438,-0.974093447358636,37.4333333333333,0.0333333333333333,69,41124
11.7141326036705,-0.625408176848311,37.5333333333333,0.0333333333333333,64,41127
18.0633236851462,0.973351084799434,37.6666666666667,0.0333333333333333,70,41131
8.75154221218198,0.234031265242386,37.6666666666667,0.0333333333333333,62,41131
6.89154858432217,0.976427197873218,37.6666666666667,0.0333333333333333,79,41131
4.16416109105531,0.668240024976561,37.7,0.1,62,41132
11.3538548509892,-0.785606710584269,37.8666666666667,0.0333333333333333,76,41137
8.88761814463086,0.576138094489499,37.9,0.0333333333333333,72,41138
8.60644377930558,0.994540050148944,37.9,0.0333333333333333,64,41138
7.96518980816994,-0.988989968837604,38.0333333333333,0.0333333333333333,68,41142
9.54914710194765,0.800590013152223,38.0333333333333,0.0666666666666667,78,41142
1.88476392394268,-0.351987549730127,38.1333333333333,0.0666666666666667,78,41145
10.3164283232328,-0.120622938199191,38.2,0.0333333333333333,77,41147
4.28506796862281,-0.688737471968935,38.2333333333333,0.0333333333333333,65,41148
2.26160066684586,-0.400435742277675,38.2333333333333,0.0666666666666667,68,41148
8.51392076226308,-0.972627549609446,38.3,0.0333333333333333,63,41150
3.07613783420011,-0.0899772141632591,38.3333333333333,0.0333333333333333,66,41151
7.00495592092623,-0.234650630262495,38.3666666666667,0.0333333333333333,73,41152
4.53818676322619,-0.476829975934998,38.3666666666667,0.0333333333333333,77,41152
1.73366884034111,-0.999567009060017,38.4,0.0333333333333333,70,41153
11.6476218381021,-0.655411772914735,38.5,0.0333333333333333,73,41156
4.49288026862773,-0.971258055859117,38.5333333333333,0.0333333333333333,61,41157
8.21614447447446,0.15953751571011,38.5666666666667,0.0333333333333333,80,41158
17.5783617792085,0.972718918850271,38.6666666666667,0.0333333333333333,78,41161
6.79665537384976,0.983392259693309,38.7,0.0333333333333333,73,41162
3.94685243162079,0.52195599667305,38.7333333333333,0.0666666666666667,77,41163
11.1088392187077,-0.811744413143603,38.7666666666667,0.0333333333333333,71,41164
8.73836752956896,0.264773628814859,38.8,0.0333333333333333,67,41165
8.63302895594675,0.591760258731836,38.8666666666667,0.0666666666666667,65,41167
8.54977017326453,0.994771879720868,38.9666666666667,0.0666666666666667,78,41170
10.1833763284643,0.848422880095561,39.1666666666667,0.0333333333333333,78,41176
2.1114184095684,-0.280835002045331,39.1666666666667,0.0666666666666667,66,41176
2.16448683159722,-0.417400948528314,39.1666666666667,0.0666666666666667,78,41176
7.92760118143636,-0.992618565577658,39.2,0.0333333333333333,72,41177
9.30241783560081,-0.676435760452602,39.2666666666667,0.0333333333333333,78,41179
9.95097310110744,-0.0924067076653657,39.3666666666667,0.0666666666666667,66,41182
4.74408443585422,-0.491262187457487,39.4333333333333,0.0333333333333333,70,41184
8.44624338507002,-0.977519148841702,39.4333333333333,0.0333333333333333,60,41184
1.75349098572403,-0.996647431616414,39.4333333333333,0.0333333333333333,65,41184
11.2296780846944,-0.691725047380896,39.5,0.0333333333333333,67,41186
6.6778139801062,-0.185983993905309,39.6,0.0333333333333333,80,41189
4.61377018135758,-0.971098220850366,39.6,0.0333333333333333,77,41189
17.1075262787006,0.973425975080463,39.6333333333333,0.0333333333333333,71,41190
8.03544059453199,0.15463716851714,39.6666666666667,0.0333333333333333,69,41191
10.6624403850338,-0.838145108755481,39.7,0.0333333333333333,62,41192
6.7933252269806,0.988112751688044,39.7333333333333,0.0333333333333333,79,41193
8.57179554768067,0.620837946496184,39.8666666666667,0.0666666666666667,71,41197
12.3108556734551,-0.207308062736689,39.9,0.0333333333333333,79,41198
